Posici√≥n,Enlace
1,https://www.imdb.com/title/tt0111161/
2,https://www.imdb.com/title/tt0068646/
3,https://www.imdb.com/title/tt0468569/
4,https://www.imdb.com/title/tt0071562/
5,https://www.imdb.com/title/tt0050083/
6,https://www.imdb.com/title/tt0167260/
7,https://www.imdb.com/title/tt0108052/
8,https://www.imdb.com/title/tt0110912/
9,https://www.imdb.com/title/tt0120737/
10,https://www.imdb.com/title/tt0060196/
11,https://www.imdb.com/title/tt0109830/
12,https://www.imdb.com/title/tt0167261/
13,https://www.imdb.com/title/tt0137523/
14,https://www.imdb.com/title/tt1375666/
15,https://www.imdb.com/title/tt0080684/
16,https://www.imdb.com/title/tt0133093/
17,https://www.imdb.com/title/tt0099685/
18,https://www.imdb.com/title/tt0816692/
19,https://www.imdb.com/title/tt0073486/
20,https://www.imdb.com/title/tt0114369/
21,https://www.imdb.com/title/tt0038650/
22,https://www.imdb.com/title/tt0102926/
23,https://www.imdb.com/title/tt0047478/
24,https://www.imdb.com/title/tt0120815/
25,https://www.imdb.com/title/tt0120689/
26,https://www.imdb.com/title/tt0317248/
27,https://www.imdb.com/title/tt0118799/
28,https://www.imdb.com/title/tt0103064/
29,https://www.imdb.com/title/tt0076759/
30,https://www.imdb.com/title/tt0088763/
31,https://www.imdb.com/title/tt0245429/
32,https://www.imdb.com/title/tt0253474/
33,https://www.imdb.com/title/tt0172495/
34,https://www.imdb.com/title/tt6751668/
35,https://www.imdb.com/title/tt0054215/
36,https://www.imdb.com/title/tt0110357/
37,https://www.imdb.com/title/tt0095327/
38,https://www.imdb.com/title/tt0407887/
39,https://www.imdb.com/title/tt2582802/
40,https://www.imdb.com/title/tt0056058/
41,https://www.imdb.com/title/tt0482571/
42,https://www.imdb.com/title/tt0120586/
43,https://www.imdb.com/title/tt0110413/
44,https://www.imdb.com/title/tt9362722/
45,https://www.imdb.com/title/tt0034583/
46,https://www.imdb.com/title/tt0095765/
47,https://www.imdb.com/title/tt0114814/
48,https://www.imdb.com/title/tt1675434/
49,https://www.imdb.com/title/tt0078748/
50,https://www.imdb.com/title/tt0027977/
51,https://www.imdb.com/title/tt0047396/
52,https://www.imdb.com/title/tt1853728/
53,https://www.imdb.com/title/tt0064116/
54,https://www.imdb.com/title/tt0021749/
55,https://www.imdb.com/title/tt0078788/
56,https://www.imdb.com/title/tt0910970/
57,https://www.imdb.com/title/tt0209144/
58,https://www.imdb.com/title/tt15239678/
59,https://www.imdb.com/title/tt0082971/
60,https://www.imdb.com/title/tt4154756/
61,https://www.imdb.com/title/tt0405094/
62,https://www.imdb.com/title/tt0043014/
63,https://www.imdb.com/title/tt4633694/
64,https://www.imdb.com/title/tt0051201/
65,https://www.imdb.com/title/tt0050825/
66,https://www.imdb.com/title/tt0081505/
67,https://www.imdb.com/title/tt0032553/
68,https://www.imdb.com/title/tt23849204/
69,https://www.imdb.com/title/tt0361748/
70,https://www.imdb.com/title/tt0090605/
71,https://www.imdb.com/title/tt1345836/
72,https://www.imdb.com/title/tt2380307/
73,https://www.imdb.com/title/tt0086879/
74,https://www.imdb.com/title/tt4154796/
75,https://www.imdb.com/title/tt0114709/
76,https://www.imdb.com/title/tt0119217/
77,https://www.imdb.com/title/tt0057012/
78,https://www.imdb.com/title/tt0364569/
79,https://www.imdb.com/title/tt0057565/
80,https://www.imdb.com/title/tt0082096/
81,https://www.imdb.com/title/tt0112573/
82,https://www.imdb.com/title/tt5311514/
83,https://www.imdb.com/title/tt0169547/
84,https://www.imdb.com/title/tt0119698/
85,https://www.imdb.com/title/tt1187043/
86,https://www.imdb.com/title/tt7286456/
87,https://www.imdb.com/title/tt8267604/
88,https://www.imdb.com/title/tt0087843/
89,https://www.imdb.com/title/tt0045152/
90,https://www.imdb.com/title/tt0091251/
91,https://www.imdb.com/title/tt0180093/
92,https://www.imdb.com/title/tt0086190/
93,https://www.imdb.com/title/tt0435761/
94,https://www.imdb.com/title/tt2106476/
95,https://www.imdb.com/title/tt0044741/
96,https://www.imdb.com/title/tt0338013/
97,https://www.imdb.com/title/tt1255953/
98,https://www.imdb.com/title/tt0053604/
99,https://www.imdb.com/title/tt0062622/
100,https://www.imdb.com/title/tt0056172/
101,https://www.imdb.com/title/tt0105236/
102,https://www.imdb.com/title/tt0086250/
103,https://www.imdb.com/title/tt0113277/
104,https://www.imdb.com/title/tt0036775/
105,https://www.imdb.com/title/tt0053125/
106,https://www.imdb.com/title/tt1049413/
107,https://www.imdb.com/title/tt0022100/
108,https://www.imdb.com/title/tt0033467/
109,https://www.imdb.com/title/tt0093058/
110,https://www.imdb.com/title/tt0052357/
111,https://www.imdb.com/title/tt0211915/
112,https://www.imdb.com/title/tt0986264/
113,https://www.imdb.com/title/tt1832382/
114,https://www.imdb.com/title/tt0056592/
115,https://www.imdb.com/title/tt0095016/
116,https://www.imdb.com/title/tt0097576/
117,https://www.imdb.com/title/tt0070735/
118,https://www.imdb.com/title/tt0066921/
119,https://www.imdb.com/title/tt0017136/
120,https://www.imdb.com/title/tt15398776/
121,https://www.imdb.com/title/tt0208092/
122,https://www.imdb.com/title/tt0252488/
123,https://www.imdb.com/title/tt8579674/
124,https://www.imdb.com/title/tt0119488/
125,https://www.imdb.com/title/tt0040522/
126,https://www.imdb.com/title/tt0363163/
127,https://www.imdb.com/title/tt5074352/
128,https://www.imdb.com/title/tt0993846/
129,https://www.imdb.com/title/tt8503618/
130,https://www.imdb.com/title/tt6966692/
131,https://www.imdb.com/title/tt0075314/
132,https://www.imdb.com/title/tt0120382/
133,https://www.imdb.com/title/tt0372784/
134,https://www.imdb.com/title/tt0059578/
135,https://www.imdb.com/title/tt0055031/
136,https://www.imdb.com/title/tt1130884/
137,https://www.imdb.com/title/tt0053291/
138,https://www.imdb.com/title/tt0012349/
139,https://www.imdb.com/title/tt0107290/
140,https://www.imdb.com/title/tt10272386/
141,https://www.imdb.com/title/tt0042192/
142,https://www.imdb.com/title/tt0469494/
143,https://www.imdb.com/title/tt0167404/
144,https://www.imdb.com/title/tt0089881/
145,https://www.imdb.com/title/tt0112641/
146,https://www.imdb.com/title/tt1745960/
147,https://www.imdb.com/title/tt0477348/
148,https://www.imdb.com/title/tt0084787/
149,https://www.imdb.com/title/tt0105695/
150,https://www.imdb.com/title/tt0457430/
151,https://www.imdb.com/title/tt0266697/
152,https://www.imdb.com/title/tt0268978/
153,https://www.imdb.com/title/tt1392214/
154,https://www.imdb.com/title/tt0040897/
155,https://www.imdb.com/title/tt0346336/
156,https://www.imdb.com/title/tt0055630/
157,https://www.imdb.com/title/tt0266543/
158,https://www.imdb.com/title/tt0347149/
159,https://www.imdb.com/title/tt0057115/
160,https://www.imdb.com/title/tt0071853/
161,https://www.imdb.com/title/tt0080678/
162,https://www.imdb.com/title/tt0046912/
163,https://www.imdb.com/title/tt4729430/
164,https://www.imdb.com/title/tt0031381/
165,https://www.imdb.com/title/tt1305806/
166,https://www.imdb.com/title/tt0071315/
167,https://www.imdb.com/title/tt0120735/
168,https://www.imdb.com/title/tt0042876/
169,https://www.imdb.com/title/tt0434409/
170,https://www.imdb.com/title/tt2096673/
171,https://www.imdb.com/title/tt5027774/
172,https://www.imdb.com/title/tt0264464/
173,https://www.imdb.com/title/tt0117951/
174,https://www.imdb.com/title/tt0050212/
175,https://www.imdb.com/title/tt0081398/
176,https://www.imdb.com/title/tt29623480/
177,https://www.imdb.com/title/tt1201607/
178,https://www.imdb.com/title/tt0116282/
179,https://www.imdb.com/title/tt1291584/
180,https://www.imdb.com/title/tt1205489/
181,https://www.imdb.com/title/tt0405159/
182,https://www.imdb.com/title/tt0052618/
183,https://www.imdb.com/title/tt1392190/
184,https://www.imdb.com/title/tt0097165/
185,https://www.imdb.com/title/tt0096283/
186,https://www.imdb.com/title/tt0072684/
187,https://www.imdb.com/title/tt0118849/
188,https://www.imdb.com/title/tt2119532/
189,https://www.imdb.com/title/tt2278388/
190,https://www.imdb.com/title/tt2024544/
191,https://www.imdb.com/title/tt10872600/
192,https://www.imdb.com/title/tt0112471/
193,https://www.imdb.com/title/tt0083658/
194,https://www.imdb.com/title/tt0353969/
195,https://www.imdb.com/title/tt2267998/
196,https://www.imdb.com/title/tt0382932/
197,https://www.imdb.com/title/tt0892769/
198,https://www.imdb.com/title/tt0198781/
199,https://www.imdb.com/title/tt0107207/
200,https://www.imdb.com/title/tt0073195/
201,https://www.imdb.com/title/tt3011894/
202,https://www.imdb.com/title/tt0015864/
203,https://www.imdb.com/title/tt1950186/
204,https://www.imdb.com/title/tt0015324/
205,https://www.imdb.com/title/tt0978762/
206,https://www.imdb.com/title/tt0046268/
207,https://www.imdb.com/title/tt0077416/
208,https://www.imdb.com/title/tt0017925/
209,https://www.imdb.com/title/tt0031679/
210,https://www.imdb.com/title/tt0047296/
211,https://www.imdb.com/title/tt3315342/
212,https://www.imdb.com/title/tt0075148/
213,https://www.imdb.com/title/tt0050986/
214,https://www.imdb.com/title/tt0046438/
215,https://www.imdb.com/title/tt0041959/
216,https://www.imdb.com/title/tt1895587/
217,https://www.imdb.com/title/tt26548265/
218,https://www.imdb.com/title/tt0325980/
219,https://www.imdb.com/title/tt0088247/
220,https://www.imdb.com/title/tt0118715/
221,https://www.imdb.com/title/tt0113247/
222,https://www.imdb.com/title/tt0050976/
223,https://www.imdb.com/title/tt3170832/
224,https://www.imdb.com/title/tt15097216/
225,https://www.imdb.com/title/tt0395169/
226,https://www.imdb.com/title/tt0091763/
227,https://www.imdb.com/title/tt0036868/
228,https://www.imdb.com/title/tt0381681/
229,https://www.imdb.com/title/tt0059742/
230,https://www.imdb.com/title/tt0070047/
231,https://www.imdb.com/title/tt0317705/
232,https://www.imdb.com/title/tt1028532/
233,https://www.imdb.com/title/tt1979320/
234,https://www.imdb.com/title/tt0032138/
235,https://www.imdb.com/title/tt0019254/
236,https://www.imdb.com/title/tt0092005/
237,https://www.imdb.com/title/tt5323662/
238,https://www.imdb.com/title/tt0129167/
239,https://www.imdb.com/title/tt0476735/
240,https://www.imdb.com/title/tt0074958/
241,https://www.imdb.com/title/tt4016934/
242,https://www.imdb.com/title/tt0058946/
243,https://www.imdb.com/title/tt0032551/
244,https://www.imdb.com/title/tt0035446/
245,https://www.imdb.com/title/tt0758758/
246,https://www.imdb.com/title/tt0107048/
247,https://www.imdb.com/title/tt1454029/
248,https://www.imdb.com/title/tt4430212/
249,https://www.imdb.com/title/tt11032374/
250,https://www.imdb.com/title/tt1954470/
